Time Stamp, Robot ID, Task Name, Type, Description
(4/5/2018 10:20:00 AM) , RobotName, RobotName.atmx, Activity, Starting Automation
Time Stamp, Robot ID, Task Name, Type, Description
(4/5/2018 10:20:55 AM) , RobotName, RobotName.atmx, Activity, Starting Automation
Time Stamp, Robot ID, Task Name, Type, Description
(4/5/2018 10:28:43 AM) , RobotName, RobotName.atmx, Activity, Starting Automation
(4/5/2018 10:28:47 AM) , RobotName, SubTaskTemplate.atmx, Activity, Entering Sub Task SubTaskTemplate.atmx from Main Task
(4/5/2018 10:28:47 AM) , RobotName, RobotName.atmx, Activity, Ending Automation
Time Stamp, Robot ID, Task Name, Type, Description
(4/5/2018 2:40:15 PM) , RobotName, RobotName.atmx, Activity, Starting Automation
Time Stamp, Robot ID, Task Name, Type, Description
(4/5/2018 2:41:45 PM) , RobotName, RobotName.atmx, Activity, Starting Automation
(4/5/2018 2:41:51 PM) , RobotName, SubTaskTemplate.atmx, Activity, Entering Sub Task SubTaskTemplate.atmx from Main Task
(4/5/2018 2:41:51 PM) , RobotName, RobotName.atmx, Activity, Ending Automation
