<?xml version="1.0"?>
<SalesOrder>
   <Company id="01">
      <CompanyName>Shyam Foods Pvt. Ltd.</CompanyName>
      <ContactName>Shyam Gupta</ContactName>
      <Phone>0265-123456</Phone>
      <Fax>0265-123456</Fax>
      <Email>sales@Shyam.com</Email>
      <Website>https://www.automationanywhere.com/</Website>
      <BusinessAddress>12 Gandhi Street,Baroda,100001</BusinessAddress>
      <PaymentTerms>Net 10</PaymentTerms>
      <TaxingScheme>No Tax</TaxingScheme>
      <Currency>Indian Rupee (Rs)</Currency>
   </Company>
   <Company id="02">
      <CompanyName>S.K. Pvt. Ltd.</CompanyName>
      <ContactName>Nandi Guna</ContactName>
      <Phone>0265-123456</Phone>
      <Fax>0265-123456</Fax>
      <Email>sales@sk.com</Email>
      <Website>https://www.automationanywhere.com/</Website>
      <BusinessAddress>321 MK Gandhi Street,Baroda,390001</BusinessAddress>
      <PaymentTerms>Net 15</PaymentTerms>
      <TaxingScheme>No Tax</TaxingScheme>
      <Currency>Indian Rupee (Rs)</Currency>
   </Company>
   <Company id="03">
      <CompanyName>Mc. Foods Pvt. Ltd.</CompanyName>
      <ContactName>Mark White</ContactName>
      <Phone>66622277</Phone>
      <Fax>0265-123456</Fax>
      <Email>sales@McFood.com</Email>
      <Website>https://www.automationanywhere.com/</Website>
      <BusinessAddress>121 Shyam Street,Baroda,200001</BusinessAddress>
      <PaymentTerms>Net 30</PaymentTerms>
      <TaxingScheme>No Tax</TaxingScheme>
      <Currency>Indian Rupee (Rs)</Currency>
   </Company>
</SalesOrder>