Amilia,Jackson,101,Lane 5,  Snow Street,3465,Copenhagen,Denmark
Harry,Wells,23,Street No. 19,  Old Fort Road,43562,Madrid,Spain
John,D,10,Lane No. 15,  Near Airport,302021,Paris,France
Robin,Williams,25,Hilltop Citadel Road,  Kolonaki,6436,Athens,Greece
Stephani,Garcia,7,Fashion Street,  Near Milan Cathedral,1923,Milan,Italy
Given Name,Family Name,House Nr,Address 1,Address 2,PostCode,City,Country
Amilia,Jackson,101,Lane 5,Snow Street,3465,Copenhagen,Denmark
Harry,Wells,23,Street No. 19,Old Fort Road,43562,Madrid,Spain
John,D,10,Lane No. 15,Near Airport,302021,Paris,France
Robin,Williams,25,Hilltop Citadel Road,Kolonaki,6436,Athens,Greece
Stephani,Garcia,7,Fashion Street,Near Milan Cathedral,1923,Milan,Italy
