﻿"Sr No.","Symbol","Company Name","Report"
"1","20MICRONS","20 Microns Limited",""
"2","3IINFOTECH","3i Infotech Limited",""
"3","3MINDIA","3M India Limited",""
"4","A2ZMES","A2Z Maintenance & Engineering Services Limited",""
"5","AANJANEYA","Aanjaneya Lifecare Limited",""
"6","AARTIDRUGS","Aarti Drugs Limited",""
"7","AARTIIND","Aarti Industries Limited",""
"8","AARVEEDEN","Aarvee Denims & Exports Limited",""
"9","ABAN","Aban Offshore Limited",""
"10","ABB","ABB Limited",""
"11","ABCIL","Aditya Birla Chemicals (India) Limited",""
"12","ABGSHIP","ABG Shipyard Limited",""
"13","ABHISHEK","Abhishek Corporation Limited",""
"14","ABIRLANUVO","Aditya Birla Nuvo Limited",""
"15","ACC","ACC Limited",""
"16","ACCELYA","Accelya Kale Solutions Limited",""
"17","ACE","Action Construction Equipment Limited",""
"18","ACROPETAL","Acropetal Technologies Limited",""
"19","ADANIENT","Adani Enterprises Limited",""
"20","ADANIPORTS","Adani Ports and Special Economic Zone Limited",""
"21","ADANIPOWER","Adani Power Limited",""
"22","ADFFOODS","ADF Foods Limited",""
"23","ADHUNIK","Adhunik Metaliks Limited",""
"24","ADORWELD","Ador Welding Limited",""
"25","ADSL","Allied Digital Services Limited",""
"26","ADVANIHOTR","Advani Hotels & Resorts (India) Limited",""
"27","ADVANTA","Advanta India Limited",""
"28","AEGISCHEM","Aegis Logistics Limited",""
"29","AFL","Accel Frontline Limited",""
"30","AFTEK","Aftek Limited",""
"31","AGCNET","AGC Networks Limited",""
"32","AGRODUTCH","Agro Dutch Industries Limited",""
"33","AHLEAST","Asian Hotels (East) Limited",""
"34","AHLUCONT","Ahluwalia Contracts (India) Limited",""
"35","AHLWEST","Asian Hotels (West) Limited",""
"36","AHMEDFORGE","Ahmednagar Forgings Limited",""
"37","AIAENG","AIA Engineering Limited",""
"38","AICHAMP","AI Champdany Industries Limited",""
"39","AIL","Alstom India Limited",""
"40","AJANTPHARM","Ajanta Pharma Limited",""
"41","AJMERA","Ajmera Realty & Infra India Limited",""
"42","AKSHOPTFBR","Aksh Optifibre Limited",""
"43","AKZOINDIA","Akzo Nobel India Limited",""
"44","ALBK","Allahabad Bank",""
"45","ALCHEM","Alchemist Limited",""
"46","ALEMBICLTD","Alembic Limited",""
"47","ALFALAVAL","Alfa Laval (India) Limited",""
"48","ALICON","Alicon Castalloy Limited",""
"49","ALKALI","Alkali Metals Limited",""
"50","ALKYLAMINE","Alkyl Amines Chemicals Limited",""
"51","ALLCARGO","Allcargo Logistics Limited",""
"52","ALLSEC","Allsec Technologies Limited",""
"53","ALMONDZ","Almondz Global Securities Limited",""
"54","ALOKTEXT","Alok Industries Limited",""
"55","ALPA","Alpa Laboratories Limited",""
"56","ALPHAGEO","Alphageo (India) Limited",""
"57","ALPSINDUS","Alps Industries Limited",""
"58","ALSTOMT&D","Alstom T&D India Limited",""
"59","AMAR","Amar Remedies Limited",""
"60","AMARAJABAT","Amara Raja Batteries Limited",""
"61","AMBIKCO","Ambika Cotton Mills Limited",""
"62","AMBUJACEM","Ambuja Cements Limited",""
"63","AMDIND","AMD Industries Limited",""
"64","AMTEKAUTO","Amtek Auto Limited",""
"65","AMTEKINDIA","Amtek India Limited",""
"66","AMTL","Advance Metering Technology Limited",""
"67","ANANTRAJ","Anant Raj Limited",""
"68","ANDHRABANK","Andhra Bank",""
"69","ANDHRACEMT","Andhra Cements Limited",""
"70","ANDHRSUGAR","The Andhra Sugars Limited",""
"71","ANGIND","ANG Industries Limited",""
"72","ANIKINDS","Anik Industries Limited",""
"73","ANKITMETAL","Ankit Metal & Power Limited",""
"74","ANKURDRUGS","Ankur Drugs And Pharma Limited",""
"75","ANSALAPI","Ansal Properties & Infrastructure Limited",""
"76","ANSALHSG","Ansal Housing and Construction Limited",""
"77","ANTGRAPHIC","Antarctica Limited",""
"78","APARINDS","Apar Industries Limited",""
"79","APCOTEXIND","Apcotex Industries Limited",""
"80","APLAPOLLO","APL Apollo Tubes Limited",""
"81","APLLTD","Alembic Pharmaceuticals Limited",""
"82","APOLLOHOSP","Apollo Hospitals Enterprise Limited",""
"83","APOLLOTYRE","Apollo Tyres Limited",""
"84","APPAPER","The Andhra Pradesh Paper Mills Limited",""
"85","APTECHT","Aptech Limited",""
"86","AQUA","Aqua Logistics Limited",""
"87","ARCHIDPLY","Archidply Industries Limited",""
"88","ARCHIES","Archies Limited",""
"89","ARIES","Aries Agro Limited",""
"90","ARIHANT","Arihant Foundations & Housing Limited",""
"91","AROGRANITE","Aro Granite Industries Limited",""
"92","ARROWTEX","Arrow Textiles Limited",""
"93","ARSHIYA","Arshiya International Limited",""
"94","ARSSINFRA","ARSS Infrastructure Projects Limited",""
"95","ARVIND","Arvind Limited",""
"96","ARVINDREM","Arvind Remedies Limited",""
"97","ASAHIINDIA","Asahi India Glass Limited",""
"98","ASAHISONG","Asahi Songwon Colors Limited",""
"99","ASAL","Automotive Stampings and Assemblies Limited",""
"100","ASHAPURMIN","Ashapura Minechem Limited",""
"101","ASHCONIUL","Ashco Niulab Industries Limited",""
"102","ASHIANA","Ashiana Housing Limited",""
"103","ASHIMASYN","Ashima Limited",""
"104","ASHOKA","Ashoka Buildcon Limited",""
"105","ASHOKLEY","Ashok Leyland Limited",""
"106","ASIANELEC","Asian Electronics Limited",""
"107","ASIANHOTNR","Asian Hotels (North) Limited",""
"108","ASIANPAINT","Asian Paints Limited",""
"109","ASIANTILES","Asian Granito India Limited",""
"110","ASIL","Amit Spinning Industries Limited",""
"111","ASSAMCO","Assam Company India Limited",""
"112","ASTEC","Astec LifeSciences Limited",""
"113","ASTERSILI","Aster Silicates Limited",""
"114","ASTRAL","Astral Poly Technik Limited",""
"115","ASTRAMICRO","Astra Microwave Products Limited",""
"116","ASTRAZEN","AstraZeneca Pharma India Limited",""
"117","ATFL","Agro Tech Foods Limited",""
"118","ATLANTA","Atlanta Limited",""
"119","ATLANTA","Atlanta Limited",""
"120","ATLASCYCLE","Atlas Cycles (Haryana) Limited",""
"121","ATNINTER","ATN International Limited",""
"122","ATUL","Atul Limited",""
"123","AURIONPRO","Aurionpro Solutions Limited",""
"124","AUROPHARMA","Aurobindo Pharma Limited",""
"125","AUSOMENT","Ausom Enterprise Limited",""
"126","AUSTRAL","Austral Coke & Projects Limited",""
"127","AUTOAXLES","Automotive Axles Limited",""
"128","AUTOIND","Autoline Industries Limited",""
"129","AUTOLITIND","Autolite (India) Limited",""
"130","AVANTI","Avanti Feeds Limited",""
"131","AVANTI","Avanti Feeds Ltd",""
"132","AVTNPL","AVT Natural Products Limited",""
"133","AXIS-IT&T","Axis-IT&T Limited",""
"134","AXISBANK","Axis Bank Limited",""
"135","BAFNAPHARM","Bafna Pharmaceuticals Limited",""
"136","BAGFILMS","B.A.G Films and Media Limited",""
"137","BAJAJ-AUTO","Bajaj Auto Limited",""
"138","BAJAJCORP","Bajaj Corp Limited",""
"139","BAJAJELEC","Bajaj Electricals Limited",""
"140","BAJAJFINSV","Bajaj Finserv Limited",""
"141","BAJAJHIND","Bajaj Hindusthan Limited",""
"142","BAJAJHLDNG","Bajaj Holdings & Investment Limited",""
"143","BAJFINANCE","Bajaj Finance Limited",""
"144","BALAJITELE","Balaji Telefilms Limited",""
"145","BALAMINES","Balaji Amines Limited",""
"146","BALKRISIND","Balkrishna Industries Limited",""
"147","BALLARPUR","Ballarpur Industries Limited",""
"148","BALMLAWRIE","Balmer Lawrie & Company Limited",""
"149","BALPHARMA","Bal Pharma Limited",""
"150","BALRAMCHIN","Balrampur Chini Mills Limited",""
"151","BANARBEADS","Banaras Beads Limited",""
"152","BANARISUG","Bannari Amman Sugars Limited",""
"153","BANCOINDIA","Banco Products (I) Limited",""
"154","BANG","Bang Overseas Limited",""
"155","BANKBARODA","Bank of Baroda",""
"156","BANKINDIA","Bank of India",""
"157","BANSWRAS","Banswara Syntex Limited",""
"158","BARTRONICS","Bartronics India Limited",""
"159","BASF","BASF India Limited",""
"160","BASML","Bannari Amman Spinning Mills Limited",""
"161","BATAINDIA","Bata India Limited",""
"162","BATLIBOI","Batliboi Limited",""
"163","BBL","Bharat Bijlee Limited",""
"164","BBTC","Bombay Burmah Trading Corporation Limited",""
"165","BEDMUTHA","Bedmutha Industries Limited",""
"166","BEL","Bharat Electronics Limited",""
"167","BELLCERATL","Bell Ceramics Limited",""
"168","BEML","BEML Limited",""
"169","BEPL","Bhansali Engineering Polymers Limited",""
"170","BERGEPAINT","Berger Paints (I) Limited",""
"171","BFINVEST","BF Investment Limited",""
"172","BFUTILITIE","BF Utilities Limited",""
"173","BGLOBAL","Bharatiya Global Infomedia Limited",""
"174","BGRENERGY","BGR Energy Systems Limited",""
"175","BHAGWATIHO","Bhagwati Banquets and Hotels Limited",""
"176","BHAGYNAGAR","Bhagyanagar India Limited",""
"177","BHARATFORG","Bharat Forge Limited",""
"178","BHARATGEAR","Bharat Gears Limited",""
"179","BHARATRAS","Bharat Rasayan Limited",""
"180","BHARTIARTL","Bharti Airtel Limited",""
"181","BHARTISHIP","Bharati Shipyard Limited",""
"182","BHEL","Bharat Heavy Electricals Limited",""
"183","BHUSANSTL","Bhushan Steel Limited",""
"184","BIL","Bhartiya International Limited",""
"185","BILENERGY","Bil Energy Systems Limited",""
"186","BILPOWER","Bilpower Limited",""
"187","BILPOWER","Bilpower Limited",""
"188","BINANIIND","Binani Industries Limited",""
"189","BINDALAGRO","Oswal Chemicals & Fertilizers Limited",""
"190","BIOCON","Biocon Limited",""
"191","BIRLACORPN","Birla Corporation Limited",""
"192","BIRLACOT","Birla Cotsyn (India) Limited",""
"193","BIRLAERIC","Birla Ericsson Optical Limited",""
"194","BIRLAMONEY","Aditya Birla Money Limited",""
"195","BIRLAPOWER","Birla Power Solutions Limited",""
"196","BLBLIMITED","BLB Limited",""
"197","BLISSGVS","Bliss GVS Pharma Limited",""
"198","BLKASHYAP","B. L. Kashyap and Sons Limited",""
"199","BLUECHIP","Blue Chip India Limited",""
"200","BLUECOAST","Blue Coast Hotels Limited",""
"201","BLUEDART","Blue Dart Express Limited",""
"202","BLUESTARCO","Blue Star Limited",""
"203","BLUESTINFO","Blue Star Infotech Limited",""
"204","BODALCHEM","Bodal Chemicals Limited",""
"205","BOMDYEING","Bombay Dyeing & Mfg Company Limited",""
"206","BOSCHLTD","Bosch Limited",""
"207","BPCL","Bharat Petroleum Corporation Limited",""
"208","BPL","BPL Limited",""
"209","BRANDHOUSE","Brandhouse Retails Limited",""
"210","BRFL","Bombay Rayon Fashions Limited",""
"211","BRIGADE","Brigade Enterprises Limited",""
"212","BRITANNIA","Britannia Industries Limited",""
"213","BROADCAST","Broadcast Initiatives Limited",""
"214","BROOKS","Brooks Laboratories Limited",""
"215","BSELINFRA","BSEL Infrastructure Realty Limited",""
"216","BSL","BSL Limited",""
"217","BSLIMITED","BS LIMITED",""
"218","BURNPUR","Burnpur Cement Limited",""
"219","BVCL","Barak Valley Cements Limited",""
"220","CADILAHC","Cadila Healthcare Limited",""
"221","CAIRN","Cairn India Limited",""
"222","CALSOFT","California Software Company Limited",""
"223","CANBK","Canara Bank",""
"224","CANDC","C & C Constructions Limited",""
"225","CANFINHOME","Can Fin Homes Limited",""
"226","CANTABIL","Cantabil Retail India Limited",""
"227","CAPF","Capital First Limited",""
"228","CARBORUNIV","Carborundum Universal Limited",""
"229","CAREERP","Career Point Limited",""
"230","CARERATING","Credit Analysis And Research Limited",""
"231","CAROLINFO","Carol Info Services Limited",""
"232","CASTROL","Castrol India Limited",""
"233","CCCL","Consolidated Construction Consortium Limited",""
"234","CCL","CCL Products (India) Limited",""
"235","CEATLTD","CEAT Limited",""
"236","CEBBCO","Commercial Engineers & Body Builders Co Limited",""
"237","CELEBRITY","Celebrity Fashions Limited",""
"238","CELESTIAL","Celestial Biolabs Limited",""
"239","CENTENKA","Century Enka Limited",""
"240","CENTEXT","Century Extrusions Limited",""
"241","CENTRALBK","Central Bank of India",""
"242","CENTUM","Centum Electronics Limited",""
"243","CENTURYPLY","Century Plyboards (India) Limited",""
"244","CENTURYTEX","Century Textiles & Industries Limited",""
"245","CERA","Cera Sanitaryware Limited",""
"246","CESC","CESC Limited",""
"247","CGCL","Capri Global Capital Limited",""
"248","CHAMBLFERT","Chambal Fertilizers & Chemicals Limited",""
"249","CHEMFALKAL","Chemfab Alkalis Limited",""
"250","CHEMPLAST","Chemplast Sanmar Limited",""
"251","CHENNPETRO","Chennai Petroleum Corporation Limited",""
"252","CHESLINTEX","Cheslind Textiles Limited",""
"253","CHETTINAD","Chettinad Cement Corporation Limited",""
"254","CHOLAFIN","Cholamandalam Investment and Finance Company Limited",""
"255","CHROMATIC","Chromatic India Limited",""
"256","CILNOVA","CIL Nova Petrochemicals Limited",""
"257","CIMMCO","Cimmco Limited",""
"258","CINELINE","Cineline India Limited",""
"259","CINEMAXIN","Cinemax India Limited",""
"260","CINEPRO","Cinemax Properties Limited",""
"261","CINEVISTA","Cinevista Limited",""
"262","CIPLA","Cipla Limited",""
"263","CLASSIC","Classic Diamonds (India) Limited",""
"264","CLNINDIA","Clariant Chemicals (India) Limited",""
"265","CLUTCHAUTO","Clutch Auto Limited",""
"266","CMAHENDRA","C. Mahendra Exports Limited",""
"267","CMC","CMC Limited",""
"268","COALINDIA","Coal India Limited",""
"269","COLPAL","Colgate Palmolive (India) Limited",""
"270","COMPUSOFT","Compucom Software Limited",""
"271","CONCOR","Container Corporation of India Limited",""
"272","CONSOFINVT","Consolidated Finvest & Holdings Limited",""
"273","CORAL-HUB","Coral Hub Limited",""
"274","CORDSCABLE","Cords Cable Industries Limited",""
"275","COREEDUTEC","CORE Education & Technologies Limited",""
"276","COROMANDEL","Coromandel International Limited",""
"277","CORPBANK","Corporation Bank",""
"278","COSMOFILMS","Cosmo Films Limited",""
"279","COUNCODOS","Country Condo's Limited",""
"280","COX&KINGS","Cox & Kings Limited",""
"281","CREATIVEYE","Creative Eye Limited",""
"282","CRESTANI","Crest Animation Studios Limited",""
"283","CREWBOS","Crew B.O.S. Products Limited",""
"284","CRISIL","CRISIL Limited",""
"285","CROMPGREAV","Crompton Greaves Limited",""
"286","CROMPGREAV","CromptonGreaves Limited",""
"287","CTE","Cambridge Technology Enterprises Limited",""
"288","CUB","City Union Bank Limited",""
"289","CUBEXTUB","Cubex Tubings Limited",""
"290","CUMMINSIND","Cummins India Limited",""
"291","CURATECH","Cura Technologies Limited",""
"292","CYBERMEDIA","Cyber Media (India) Limited",""
"293","CYBERTECH","Cybertech Systems And Software Limited",""
"294","DAAWAT","LT Foods Limited",""
"295","DABUR","Dabur India Limited",""
"296","DALMIABHA","Dalmia Bharat Limited",""
"297","DALMIASUG","Dalmia Bharat Sugar and Industries Limited",""
"298","DATAMATICS","Datamatics Global Services Limited",""
"299","DBCORP","D.B.Corp Limited",""
"300","DBREALTY","D B Realty Limited",""
"301","DBSTOCKBRO","DB (International) Stock Brokers Limited",""
"302","DCB","Development Credit Bank Limited",""
"303","DCHL","Deccan Chronicle Holdings Limited",""
"304","DCM","DCM Limited",""
"305","DCM","DCM Limited",""
"306","DCMSRMCONS","DCM Shriram Consolidated Limited",""
"307","DCW","DCW Limited",""
"308","DECCANCE","Deccan Cements Limited",""
"309","DECOLIGHT","Decolight Ceramics Limited",""
"310","DEEPAKFERT","Deepak Fertilizers and Petrochemicals Corporation Limited",""
"311","DEEPAKNTR","Deepak Nitrite Limited",""
"312","DEEPIND","Deep Industries Limited",""
"313","DELTACORP","Delta Corp Limited",""
"314","DELTAMAGNT","Delta Magnets Limited",""
"315","DEN","Den Networks Limited",""
"316","DENABANK","Dena Bank",""
"317","DENORA","De Nora India Limited",""
"318","DHAMPURSUG","The Dhampur Sugar Mills Limited",""
"319","DHANBANK","Dhanlaxmi Bank Limited",""
"320","DHANUKA","Dhanuka Agritech Limited",""
"321","DHANUS","Dhanus Technologies Limited",""
"322","DHARSUGAR","Dharani Sugars & Chemicals Limited",""
"323","DHFL","Dewan Housing Finance Corporation Limited",""
"324","DHUNINV","Dhunseri Investments Limited",""
"325","DIAPOWER","Diamond Power Infra Ltd",""
"326","DICIND","DIC India Limited",""
"327","DIGJAM","Digjam Limited",""
"328","DISHMAN","Dishman Pharmaceuticals and Chemicals Limited",""
"329","DISHTV","Dish TV India Limited",""
"330","DIVISLAB","Divi's Laboratories Limited",""
"331","DLF","DLF Limited",""
"332","DLINKINDIA","D-Link (India) Limited",""
"333","DOLPHINOFF","Dolphin Offshore Enterprises (India) Limited",""
"334","DONEAR","Donear Industries Limited",""
"335","DPSCLTD","DPSC Limited",""
"336","DPTL","Dhunseri Petrochem & Tea Limited",""
"337","DQE","DQ Entertainment (International) Limited",""
"338","DRDATSONS","Dr. Datson's Labs Limited",""
"339","DREDGECORP","Dredging Corporation of India Limited",""
"340","DRREDDY","Dr. Reddy's Laboratories Limited",""
"341","DSKULKARNI","DS Kulkarni Developers Limited",""
"342","DSSL","Dynacons Systems & Solutions Limited",""
"343","DUNCANSIND","Duncans Industries Limited",""
"344","DUNCANSLTD","Duncans Industries Limited",""
"345","DWARKESH","Dwarikesh Sugar Industries Limited",""
"346","DYNAMATECH","Dynamatic Technologies Limited",""
"347","EASTSILK","Eastern Silk Industries Limited",""
"348","EASUNREYRL","Easun Reyrolle Limited",""
"349","ECEIND","ECE Industries Limited",""
"350","ECLERX","eClerx Services Limited",""
"351","EDELWEISS","Edelweiss Financial Services Limited",""
"352","EDL","Empee Distilleries Limited",""
"353","EDSERV","Edserv Softsystems Limited",""
"354","EDUCOMP","Educomp Solutions Limited",""
"355","EICHERMOT","Eicher Motors Limited",""
"356","EIDPARRY","EID Parry India Limited",""
"357","EIHAHOTELS","EIH Associated Hotels Limited",""
"358","EIHOTEL","EIH Limited",""
"359","EIMCOELECO","Eimco Elecon (India) Limited",""
"360","EKC","Everest Kanto Cylinder Limited",""
"361","ELDERPHARM","Elder Pharmaceuticals Limited",""
"362","ELECON","Elecon Engineering Company Limited",""
"363","ELECTCAST","Electrosteel Castings Limited",""
"364","ELECTHERM","Electrotherm (India) Limited",""
"365","ELGIEQUIP","Elgi Equipments Limited",""
"366","ELGIRUBCO","Elgi Rubber Company Limited",""
"367","EMAMIINFRA","Emami Infrastructure Limited",""
"368","EMAMILTD","Emami Limited",""
"369","EMCO","Emco Limited",""
"370","EMKAY","Emkay Global Financial Services Limited",""
"371","EMMBI","Emmbi Polyarns Limited",""
"372","ENERGYDEV","Energy Development Company Limited",""
"373","ENGINERSIN","Engineers India Limited",""
"374","ENIL","Entertainment Network (India) Limited",""
"375","ENTEGRA","Entegra Limited",""
"376","EON","Eon Electric Limited",""
"377","ERAINFRA","Era Infra Engineering Limited",""
"378","EROSMEDIA","Eros International Media Limited",""
"379","ESABINDIA","Esab India Limited",""
"380","ESCORTS","Escorts Limited",""
"381","ESL","Electrosteel Steels Limited",""
"382","ESSAROIL","Essar Oil Limited",""
"383","ESSARPORTS","Essar Ports Limited",""
"384","ESSARSHPNG","Essar Shipping Limited",""
"385","ESSDEE","Ess Dee Aluminium Limited",""
"386","ESSELPACK","Essel Propack Limited",""
"387","ESTER","Ester Industries Limited",""
"388","EUROCERA","Euro Ceramics Limited",""
"389","EUROMULTI","Euro Multivision Limited",""
"390","EUROTEXIND","Eurotex Industries and Exports Limited",""
"391","EVEREADY","Eveready Industries India Limited",""
"392","EVERESTIND","Everest Industries Limited",""
"393","EVERONN","Everonn Education Limited",""
"394","EVINIX","Evinix Accessories Limited",""
"395","EXCELCROP","Excel Crop Care Limited",""
"396","EXCELINDUS","Excel Industries Limited",""
"397","EXCELINFO","Excel Infoways Limited",""
"398","EXIDEIND","Exide Industries Limited",""
"399","FACT","Fertilizers and Chemicals Travancore Limited",""
"400","FAGBEARING","FAG Bearings India Limited",""
"401","FAME","Fame India Limited",""
"402","FARMAXIND","Farmax India Limited",""
"403","FCEL","Future Consumer Enterprise Limited",""
"404","FCSSOFT","FCS Software Solutions Limited",""
"405","FDC","FDC Limited",""
"406","FEDDERLOYD","Fedders Lloyd Corporation Limited",""
"407","FEDERALBNK","The Federal Bank Limited",""
"408","FEDERALBNK","The Federal Bank Limited",""
"409","FIEMIND","Fiem Industries Limited",""
"410","FILATEX","Filatex India Limited",""
"411","FINANTECH","Financial Technologies (India) Limited",""
"412","FINCABLES","Finolex Cables Limited",""
"413","FINPIPE","Finolex Industries Limited",""
"414","FIRSTLEASE","First Leasing Company of India Limited",""
"415","FIRSTWIN","First Winner Industries Limited",""
"416","FKONCO","Fresenius Kabi Oncology Limited",""
"417","FLEXITUFF","Flexituff International Limited",""
"418","FMGOETZE","Federal-Mogul Goetze (India) Limited.",""
"419","FMNL","Future Market Networks Limited",""
"420","FORTIS","Fortis Healthcare Limited",""
"421","FOSECOIND","Foseco India Limited",""
"422","FOURSOFT","Four Soft Limited",""
"423","FRL","Future Retail Limited",""
"424","FSL","Firstsource Solutions Limited",""
"425","FUTUREVENT","Future Ventures India Limited",""
"426","FVIL","Future Ventures India Limited",""
"427","GABRIEL","Gabriel India Limited",""
"428","GAEL","Gujarat Ambuja Exports Limited",""
"429","GAIL","GAIL (India) Limited",""
"430","GAL","Gyscoal Alloys Limited",""
"431","GALLANTT","Gallantt Metal Limited",""
"432","GALLISPAT","Gallantt Ispat Limited",""
"433","GAMMNINFRA","Gammon Infrastructure Projects Limited",""
"434","GAMMONIND","Gammon India Limited",""
"435","GANDHITUBE","Gandhi Special Tubes Limited",""
"436","GANESHHOUC","Ganesh Housing Corporation Limited",""
"437","GANGOTRI","Gangotri Textiles Limited",""
"438","GARDENSILK","Garden Silk Mills Limited",""
"439","GARWALLROP","Garware Wall Ropes Limited",""
"440","GARWALLROP","Garware Wall Ropes Limited",""
"441","GATI","GATI Limited",""
"442","GAYAPROJ","Gayatri Projects Limited",""
"443","GDL","Gateway Distriparks Limited",""
"444","GEECEE","GeeCee Ventures Limited",""
"445","GEINDSYS","GEI Industrial Systems Limited",""
"446","GEMINI","Gemini Communication Limited",""
"447","GENESYS","Genesys International Corporation Limited",""
"448","GENUSPOWER","Genus Power Infrastructures Limited",""
"449","GEODESIC","Geodesic Limited",""
"450","GEOJITBNPP","Geojit BNP Paribas Financial Services Limited",""
"451","GEOMETRIC","Geometric Limited",""
"452","GESHIP","The Great Eastern Shipping Company Limited",""
"453","GHCL","GHCL Limited",""
"454","GICHSGFIN","GIC Housing Finance Limited",""
"455","GILLANDERS","Gillanders Arbuthnot & Company Limited",""
"456","GILLETTE","Gillette India Limited",""
"457","GINNIFILA","Ginni Filaments Limited",""
"458","GIPCL","Gujarat Industries Power Company Limited",""
"459","GISOLUTION","GI Engineering Solutions Limited",""
"460","GITANJALI","Gitanjali Gems Limited",""
"461","GKWLIMITED","GKW Limited",""
"462","GLAXO","GlaxoSmithKline Pharmaceuticals Limited",""
"463","GLENMARK","Glenmark Pharmaceuticals Limited",""
"464","GLFL","Gujarat Lease Financing Limited",""
"465","GLOBALVECT","Global Vectra Helicorp Limited",""
"466","GLOBOFFS","Global Offshore Services Limited",""
"467","GLOBUSSPR","Globus Spirits Limited",""
"468","GLODYNE","Glodyne Technoserve Limited",""
"469","GLORY","Glory Polyfilms Limited",""
"470","GMBREW","GM Breweries Limited",""
"471","GMDCLTD","Gujarat Mineral Development Corporation Limited",""
"472","GMRINFRA","GMR Infrastructure Limited",""
"473","GNFC","Gujarat Narmada Valley Fertilizers and Chemicals Limited",""
"474","GOACARBON","Goa Carbon Limited",""
"475","GODFRYPHLP","Godfrey Phillips India Limited",""
"476","GODREJCP","Godrej Consumer Products Limited",""
"477","GODREJIND","Godrej Industries Limited",""
"478","GODREJPROP","Godrej Properties Limited",""
"479","GOENKA","Goenka Diamond and Jewels Limited",""
"480","GOKEX","Gokaldas Exports Limited",""
"481","GOKUL","Gokul Refoils and Solvent Limited",""
"482","GOLDENTOBC","Golden Tobacco Limited",""
"483","GOLDIAM","Goldiam International Limited",""
"484","GOLDINFRA","Goldstone Infratech Limited",""
"485","GOLDTECH","Goldstone Technologies Limited",""
"486","GPIL","Godawari Power And Ispat limited",""
"487","GPPL","Gujarat Pipavav Port Limited",""
"488","GRABALALK","Grabal Alok Impex Limited",""
"489","GRANULES","Granules India Limited",""
"490","GRAPHITE","Graphite India Limited",""
"491","GRASIM","Grasim Industries Limited",""
"492","GRAVITA","Gravita India Limited",""
"493","GREAVESCOT","Greaves Cotton Limited",""
"494","GREENFIRE","Green Fire Agri Commodities Limited",""
"495","GREENPLY","Greenply Industries Limited",""
"496","GREENPOWER","Orient Green Power Company Limited",""
"497","GRINDWELL","Grindwell Norton Limited",""
"498","GRUH","Gruh Finance Limited",""
"499","GSCLCEMENT","Gujarat Sidhee Cement Limited",""
"500","GSCLCEMENT","Gujarat Sidhee Cements Limited",""
"501","GSFC","Gujarat State Fertilizers & Chemicals Limited",""
"502","GSKCONS","GlaxoSmithKline Consumer Healthcare Limited",""
"503","GSLNOVA","GSL Nova Petrochemicals Limited",""
"504","GSPL","Gujarat State Petronet Limited",""
"505","GSS","GSS Infotech Limited",""
"506","GTL","GTL Limited",""
"507","GTLINFRA","GTL Infrastructure Limited",""
"508","GTNIND","GTN Industries Limited",""
"509","GTNTEX","GTN Textiles Limited",""
"510","GTOFFSHORE","GOL Offshore Limited",""
"511","GUFICBIO","Gufic Biosciences Limited",""
"512","GUJALKALI","Gujarat Alkalies and Chemicals Limited",""
"513","GUJAPOLLO","Gujarat Apollo Industries Limited",""
"514","GUJFLUORO","Gujarat Fluorochemicals Limited",""
"515","GUJNRECOKE","Gujarat NRE Coke Limited",""
"516","GUJRATGAS","Gujarat Gas Company Limited",""
"517","GUJSIDHCEM","Gujarat Sidhee Cements Limited",""
"518","GUJSTATFIN","Gujarat State Financial Corporation",""
"519","GULFOILCOR","Gulf Oil Corporation Limited",""
"520","GVKPIL","GVK Power & Infrastructure Limited",""
"521","HALONIX","Halonix Limited",""
"522","HANUNG","Hanung Toys and Textiles Limited",""
"523","HARITASEAT","Harita Seating Systems Limited",""
"524","HARRMALAYA","Harrisons Malayalam Limited",""
"525","HARRMALAYA","Harrisons Malayalam Limited",""
"526","HATHWAY","Hathway Cable & Datacom Limited",""
"527","HAVELLS","Havells India Limited",""
"528","HBLPOWER","HBL Power Systems Limited",""
"529","HBSTOCK","HB Stockholdings Limited",""
"530","HCC","Hindustan Construction Company Limited",""
"531","HCIL","Himadri Chemicals and Industries Limited",""
"532","HCL-INSYS","HCL Infosystems Limited",""
"533","HCLTECH","HCL Technologies Limited",""
"534","HDFC","Housing Development Finance Corporation Limited",""
"535","HDFCBANK","HDFC Bank Limited",""
"536","HDIL","Housing Development and Infrastructure Limited",""
"537","HEG","HEG Limited",""
"538","HEIDELBERG","HeidelbergCement India Limited",""
"539","HELIOSMATH","Helios And Matheson Information Technology Limited",""
"540","HERCULES","Hercules Hoists Limited",""
"541","HERITGFOOD","Heritage Foods (India) Limited",""
"542","HEROMOTOCO","Hero MotoCorp Limited",""
"543","HEXATRADEX","Hexa Tradex Limited",""
"544","HEXAWARE","Hexaware Technologies Limited",""
"545","HFCL","Himachal Futuristic Communications Limited",""
"546","HGS","Hinduja Global Solutions Limited",""
"547","HIKAL","Hikal Limited",""
"548","HIL","HIL Limited",""
"549","HILTON","Hilton Metal Forging Limited",""
"550","HIMATSEIDE","Himatsingka Seide Limited",""
"551","HINDALCO","Hindalco Industries Limited",""
"552","HINDCOMPOS","Hindustan Composites Limited",""
"553","HINDCOPPER","Hindustan Copper Limited",""
"554","HINDDORROL","Hindustan Dorr-Oliver Limited",""
"555","HINDMOTORS","Hindustan Motors Limited",""
"556","HINDNATGLS","Hindusthan National Glass & Industries Limited",""
"557","HINDOILEXP","Hindustan Oil Exploration Company Limited",""
"558","HINDPETRO","Hindustan Petroleum Corporation Limited",""
"559","HINDSYNTEX","Hind Syntex Limited",""
"560","HINDUJAFO","Hinduja Foundries Limited",""
"561","HINDUJAVEN","Hinduja Ventures Limited",""
"562","HINDUNILVR","Hindustan Unilever Limited",""
"563","HINDZINC","Hindustan Zinc Limited",""
"564","HIRECT","Hind Rectifiers Limited",""
"565","HITACHIHOM","Hitachi Home and Life Solutions (India) Limited",""
"566","HITECHGEAR","Hi-Tech Gears Limited",""
"567","HITECHPLAS","Hitech Plast Limited",""
"568","HMT","HMT Limited",""
"569","HMVL","Hindustan Media Ventures Limited",""
"570","HOCL","Hindustan Organic Chemicals Limited",""
"571","HONAUT","Honeywell Automation India Limited",""
"572","HONDAPOWER","Honda Siel Power Products Limited",""
"573","HORIZONINF","Horizon Infrastructure Limited",""
"574","HOTELEELA","Hotel Leela Venture Limited",""
"575","HOTELRUGBY","Hotel Rugby Limited",""
"576","HOVS","HOV Services Limited",""
"577","HSIL","HSIL Limited",""
"578","HTMEDIA","HT Media Limited",""
"579","HUBTOWN","Hubtown Limited",""
"580","IBIPL","Indiabulls Infrastructure and Power Limited",""
"581","IBPOW","Indiabulls Power Limited",""
"582","IBREALEST","Indiabulls Real Estate Limited",""
"583","IBSEC","Indiabulls Securities Limited",""
"584","IBWSL","Indiabulls Wholesale Services Limited",""
"585","ICICIBANK","ICICI Bank Limited",""
"586","ICIL","Indo Count Industries Limited",""
"587","ICRA","ICRA Limited",""
"588","ICSA","ICSA (India) Limited",""
"589","IDBI","IDBI Bank Limited",""
"590","IDEA","Idea Cellular Limited",""
"591","IDFC","IDFC Limited",""
"592","IFBAGRO","IFB Agro Industries Limited",""
"593","IFBIND","IFB Industries Limited",""
"594","IFCI","IFCI Limited",""
"595","IFGLREFRAC","IFGL Refractories Limited",""
"596","IGARASHI","Igarashi Motors India Limited",""
"597","IGL","Indraprastha Gas Limited",""
"598","IGPL","IG Petrochemicals Limited",""
"599","IITL","Industrial Investment Trust Limited",""
"600","IL&FSENGG","IL&FS Engineering and Construction Company Limited",""
"601","IL&FSTRANS","IL&FS Transportation Networks Limited",""
"602","IMFA","Indian Metals & Ferro Alloys Limited",""
"603","IMPAL","India Motor Parts and Accessories Limited",""
"604","IMPEXFERRO","Impex Ferro Tech Limited",""
"605","INDBANK","Indbank Merchant Banking Services Limited",""
"606","INDHOTEL","The Indian Hotels Company Limited",""
"607","INDIABULLS","Indiabulls Financial Services Limited",""
"608","INDIACEM","The India Cements Limited",""
"609","INDIAGLYCO","India Glycols Limited",""
"610","INDIAINFO","India Infoline Limited",""
"611","INDIANB","Indian Bank",""
"612","INDIANCARD","Indian Card Clothing Company Limited",""
"613","INDIANHUME","Indian Hume Pipe Company Limited",""
"614","INDLMETER","IMP Powers Limited",""
"615","INDNIPPON","India Nippon Electricals Limited",""
"616","INDOCO","Indoco Remedies Limited",""
"617","INDORAMA","Indo Rama Synthetics (India) Limited",""
"618","INDOSOLAR","Indosolar Limited",""
"619","INDOTECH","Indo Tech Transformers Limited",""
"620","INDOTHAI","Indo Thai Securities Limited",""
"621","INDOWIND","Indowind Energy Limited",""
"622","INDRAMEDCO","Indraprastha Medical Corporation Limited",""
"623","INDSWFTLAB","Ind-Swift Laboratories Limited",""
"624","INDSWFTLTD","Ind-Swift Limited",""
"625","INDTERRAIN","Indian Terrain Fashions Limited",""
"626","INDUSFILA","Indus Fila Limited",""
"627","INDUSINDBK","IndusInd Bank Limited",""
"628","INFINITE","Infinite Computer Solutions (India) Limited",""
"629","INFOMEDIA","INFOMEDIA PRESS LIMITED",""
"630","INFOTECENT","Infotech Enterprises Limited",""
"631","INFRATEL","Bharti Infratel Limited",""
"632","INFY","Infosys Limited",""
"633","INGERRAND","Ingersoll Rand (India) Limited",""
"634","INGVYSYABK","ING Vysya Bank Limited",""
"635","INNOIND","Innoventive Industries Limited",""
"636","INOXLEISUR","INOX Leisure Limited",""
"637","INSECTICID","Insecticides (India) Limited",""
"638","INVENTURE","Inventure Growth & Securities Limited",""
"639","IOB","Indian Overseas Bank",""
"640","IOC","Indian Oil Corporation Limited",""
"641","IOLCP","IOL Chemicals and Pharmaceuticals Limited",""
"642","IOLN","IOL Netcom Limited",""
"643","IPCALAB","IPCA Laboratories Limited",""
"644","IRB","IRB Infrastructure Developers Limited",""
"645","ISFT","Intrasoft Technologies Limited",""
"646","ISMTLTD","ISMT Limited",""
"647","ITC","ITC Limited",""
"648","ITDCEM","ITD Cementation India Limited",""
"649","ITI","ITI Limited",""
"650","IVC","IL&FS Investment Managers Limited",""
"651","IVP","IVP Limited",""
"652","IVRCLAH","IVRCL Assets & Holdings Limited",""
"653","IVRCLINFRA","IVRCL Limited",""
"654","J&KBANK","The Jammu & Kashmir Bank Limited",""
"655","JAGRAN","Jagran Prakashan Limited",""
"656","JAGSNPHARM","Jagsonpal Pharmaceuticals Limited",""
"657","JAIBALAJI","Jai Balaji Industries Limited",""
"658","JAICORPLTD","Jai Corp Limited",""
"659","JAIHINDPRO","Jaihind Projects Limited",""
"660","JAINSTUDIO","Jain Studios Limited",""
"661","JAMNAAUTO","Jamna Auto Industries Limited",""
"662","JAYAGROGN","Jayant Agro Organics Limited",""
"663","JAYBARMARU","Jay Bharat Maruti Limited",""
"664","JAYNECOIND","Jayaswal Neco Industries Limited",""
"665","JAYSREETEA","Jayshree Tea & Industries Limited",""
"666","JBCHEPHARM","JB Chemicals & Pharmaceuticals Limited",""
"667","JBFIND","JBF Industries Limited",""
"668","JBMA","JBM Auto Limited",""
"669","JCTEL","JCT Electronics Limited",""
"670","JDORGOCHEM","JD Orgochem Limited",""
"671","JENSONICOL","Jenson & Nicholson (India) Limited",""
"672","JETAIRWAYS","Jet Airways (India) Limited",""
"673","JHS","JHS Svendgaard Laboratories Limited",""
"674","JIKIND","JIK Industries Limited",""
"675","JINDALPHOT","Jindal Photo Limited",""
"676","JINDALPOLY","Jindal Poly Films Limited",""
"677","JINDALSAW","Jindal Saw Limited",""
"678","JINDALSTEL","Jindal Steel & Power Limited",""
"679","JINDALSWHL","Jindal South West Holdings Limited",""
"680","JINDCOT","Jindal Cotex Limited",""
"681","JINDRILL","Jindal Drilling And Industries Limited",""
"682","JINDWORLD","Jindal Worldwide Limited",""
"683","JISLJALEQS","Jain Irrigation Systems Limited",""
"684","JKCEMENT","JK Cement Limited",""
"685","JKIL","J.Kumar Infraprojects Limited",""
"686","JKLAKSHMI","JK Lakshmi Cement Limited",""
"687","JKPAPER","JK Paper Limited",""
"688","JKTYRE","JK Tyre & Industries Limited",""
"689","JMCPROJECT","JMC Projects (India) Limited",""
"690","JMCPROJECT","JMC Projects (India) Limited",""
"691","JMFINANCIL","JM Financial Limited",""
"692","JMTAUTOLTD","JMT Auto Limited",""
"693","JOCIL","Jocil Limited",""
"694","JPASSOCIAT","Jaiprakash Associates Limited",""
"695","JPINFRATEC","Jaypee Infratech Limited",""
"696","JPPOWER","Jaiprakash Power Ventures Limited",""
"697","JSL","Jindal Stainless Limited",""
"698","JSWENERGY","JSW Energy Limited",""
"699","JSWHL","JSW Holdings Limited",""
"700","JSWHL","Jindal South West Holdings Limited",""
"701","JSWISPAT","JSW ISPAT Steel Limited",""
"702","JSWSTEEL","JSW Steel Limited",""
"703","JUBILANT","Jubilant Life Sciences Limited",""
"704","JUBLFOOD","Jubilant Foodworks Limited",""
"705","JUBLINDS","Jubilant Industries Limited",""
"706","JVLAGRO","JVL Agro Industries Limited",""
"707","JYOTHYLAB","Jyothy Laboratories Limited",""
"708","JYOTISTRUC","Jyoti Structures Limited",""
"709","KABRAEXTRU","Kabra Extrusion Technik Limited",""
"710","KAJARIACER","Kajaria Ceramics Limited",""
"711","KAKATCEM","Kakatiya Cement Sugar & Industries Limited",""
"712","KALINDEE","Kalindee Rail Nirman (Engineers) Limited",""
"713","KALPATPOWR","Kalpataru Power Transmission Limited",""
"714","KALYANIFRG","Kalyani Forge Limited",""
"715","KAMATHOTEL","Kamat Hotels (I) Limited",""
"716","KANANIIND","Kanani Industries Limited",""
"717","KANDAGIRI","Kandagiri Spinning Mills Limited",""
"718","KANORICHEM","Kanoria Chemicals & Industries Limited",""
"719","KANSAINER","Kansai Nerolac Paints Limited",""
"720","KARMAENG","Karma Energy Limited",""
"721","KARURVYSYA","Karur Vysya Bank Limited",""
"722","KAUSHALYA","Kaushalya Infrastructure Development Corporation Limited",""
"723","KAVVERITEL","Kavveri Telecom Products Limited",""
"724","KBIL","Kirloskar Brothers Investments Limited",""
"725","KCP","KCP Limited",""
"726","KCPSUGIND","KCP Sugar and Industries Corporation Limited",""
"727","KEC","KEC International Limited",""
"728","KECL","Kirloskar Electric Company Limited",""
"729","KEI","KEI Industries Limited",""
"730","KEMROCK","Kemrock Industries and Exports Limited",""
"731","KERNEX","Kernex Microsystems (India) Limited",""
"732","KESARENT","Kesar Enterprises Limited",""
"733","KESORAMIND","Kesoram Industries Limited",""
"734","KEYCORPSER","Keynote Corporate Services Limited",""
"735","KFA","Kingfisher Airlines Limited",""
"736","KGL","Karuturi Global Limited",""
"737","KHAITANELE","Khaitan Electricals Limited",""
"738","KHAITANLTD","Khaitan (India) Limited",""
"739","KHANDSE","Khandwala Securities Limited",""
"740","KICL","Kalyani Investment Company Limited",""
"741","KIL","Kamdhenu Ispat Limited",""
"742","KILITCH","Kilitch Drugs (India) Limited",""
"743","KINETICMOT","Kinetic Motor Company Limited",""
"744","KIRIINDUS","Kiri Industries Limited",""
"745","KIRLOSBROS","Kirloskar Brothers Limited",""
"746","KIRLOSENG","Kirloskar Oil Engines Limited",""
"747","KIRLOSIND","Kirloskar Industries Limited",""
"748","KITEX","Kitex Garments Limited",""
"749","KITPLYIND","Kitply Industries Limited",""
"750","KKCL","Kewal Kiran Clothing Limited",""
"751","KLGSYSTEL","KLG Systel Limited",""
"752","KMSUGAR","K.M.Sugar Mills Limited",""
"753","KNRCON","KNR Constructions Limited",""
"754","KOHINOOR","Kohinoor Foods Limited",""
"755","KOKUYOCMLN","Kokuyo Camlin Limited",""
"756","KOLTEPATIL","Kolte - Patil Developers Limited",""
"757","KOPDRUGS","KDL Biotech Limited",""
"758","KOPRAN","Kopran Limited",""
"759","KOTAKBANK","Kotak Mahindra Bank Limited",""
"760","KOTARISUG","Kothari Sugars And Chemicals Limited",""
"761","KOTHARIPET","Kothari Petrochemicals Limited",""
"762","KOTHARIPRO","Kothari Products Limited",""
"763","KOUTONS","Koutons Retail India Limited",""
"764","KPIT","KPIT Cummins Infosystems Limited",""
"765","KPRMILL","K.P.R. Mill Limited",""
"766","KRBL","KRBL Limited",""
"767","KRISHNAENG","Krishna Engineering Works Limited",""
"768","KSBPUMPS","KSB Pumps Limited",""
"769","KSCL","Kaveri Seed Company Limited",""
"770","KSERASERA","K Sera Sera Limited",""
"771","KSERASERA","KSS Limited",""
"772","KSK","KSK Energy Ventures Limited",""
"773","KSL","Kalyani Steels Limited",""
"774","KSOILS","K S Oils Limited",""
"775","KTIL","Kesar Terminals & Infrastructure Limited",""
"776","KTKBANK","The Karnataka Bank Limited",""
"777","KWALITY","Kwality Dairy (India) Limited",""
"778","KWALITY","kwality limited",""
"779","L&TFH","L&T Finance Holdings Limited",""
"780","LAKPRE","Lakshmi Precision Screws Limited",""
"781","LAKSHMIEFL","Lakshmi Energy and Foods Limited",""
"782","LAKSHVILAS","Lakshmi Vilas Bank Limited",""
"783","LANCOIN","Lanco Industries Limited",""
"784","LAOPALA","La Opala RG Limited",""
"785","LAXMIMACH","Lakshmi Machine Works Limited",""
"786","LCCINFOTEC","LCC Infotech Limited",""
"787","LGBBROSLTD","LG Balakrishnan & Bros Limited",""
"788","LGBFORGE","LGB Forge Limited",""
"789","LIBERTSHOE","Liberty Shoes Limited",""
"790","LICHSGFIN","LIC Housing Finance Limited",""
"791","LINDEINDIA","Linde India Limited",""
"792","LITL","Lanco Infratech Limited",""
"793","LLOYDELENG","Lloyd Electric & Engineering Limited",""
"794","LLOYDFIN","Lloyds Finance Limited",""
"795","LML","LML Limited",""
"796","LOGIXMICRO","Logix Microsystems Limited",""
"797","LOKESHMACH","Lokesh Machines Limited",""
"798","LOTUSEYE","Lotus Eye Care Hospital Limited",""
"799","LOVABLE","Lovable Lingerie Limited",""
"800","LPDC","Landmark Property Development Company Limited",""
"801","LT","Larsen & Toubro Limited",""
"802","LUMAXAUTO","Lumax Automotive Systems Limited",""
"803","LUMAXIND","Lumax Industries Limited",""
"804","LUMAXTECH","Lumax Auto Technologies Limited",""
"805","LUPIN","Lupin Limited",""
"806","LYKALABS","Lyka Labs Limited",""
"807","M&M","Mahindra & Mahindra Limited",""
"808","M&MFIN","Mahindra & Mahindra Financial Services Limited",""
"809","MAANALU","Maan Aluminium Limited",""
"810","MADHAV","Madhav Marbles and Granites Limited",""
"811","MADHUCON","Madhucon Projects Limited",""
"812","MADRASCEM","Madras Cements Limited",""
"813","MADRASFERT","Madras Fertilizers Limited",""
"814","MAGMA","Magma Fincorp Limited",""
"815","MAGNUM","Magnum Ventures Limited",""
"816","MAHABANK","Bank of Maharashtra",""
"817","MAHINDFORG","Mahindra Forgings Limited",""
"818","MAHINDUGIN","Mahindra Ugine Steel Company Limited",""
"819","MAHLIFE","Mahindra Lifespace Developers Limited",""
"820","MAHSCOOTER","Maharashtra Scooters Limited",""
"821","MAHSEAMLES","Maharashtra Seamless Limited",""
"822","MAITHANALL","Maithan Alloys Limited",""
"823","MALUPAPER","Malu Paper Mills Limited",""
"824","MALWACOTT","Malwa Cotton Spg. Mills Limited",""
"825","MANAKSIA","Manaksia Limited",""
"826","MANALIPETC","Manali Petrochemicals Limited",""
"827","MANDHANA","Mandhana Industries Limited",""
"828","MANGALAM","Mangalam Drugs And Organics Limited",""
"829","MANGCHEFER","Mangalore Chemicals & Fertilizers Limited",""
"830","MANGLMCEM","Mangalam Cement Limited",""
"831","MANGTIMBER","Mangalam Timber Products Limited",""
"832","MANINDS","Man Industries (India) Limited",""
"833","MANINFRA","Man Infraconstruction Limited",""
"834","MANJUSHREE","Manjushree Technopack Limited",""
"835","MANUGRAPH","Manugraph India Limited",""
"836","MARALOVER","Maral Overseas Limited",""
"837","MARICO","Marico Limited",""
"838","MARKSANS","Marksans Pharma Limited",""
"839","MARUTI","Maruti Suzuki India Limited",""
"840","MASTEK","Mastek Limited",""
"841","MAWANASUG","Mawana Sugars Limited",""
"842","MAX","Max India Limited",""
"843","MAXWELL","Maxwell Industries Limited",""
"844","MAYURUNIQ","Mayur Uniquoters Ltd",""
"845","MBECL","Mcnally Bharat Engineering Company Limited",""
"846","MBLINFRA","MBL Infrastructures Limited",""
"847","MBSWITCH","M AND B Switchgears Limited",""
"848","MCDHOLDING","McDowell Holdings Limited",""
"849","MCDOWELL-N","United Spirits Limited",""
"850","MCLEODRUSS","Mcleod Russel India Limited",""
"851","MEGASOFT","Megasoft Limited",""
"852","MEGH","Meghmani Organics Limited",""
"853","MELSTAR","Melstar Information Technologies Limited",""
"854","MERCATOR","Mercator Limited",""
"855","MERCK","Merck Limited",""
"856","METKORE","Metkore Alloys & Industries Limited",""
"857","MHRIL","Mahindra Holidays & Resorts India Limited",""
"858","MIC","MIC Electronics Limited",""
"859","MICROSEC","Microsec Financial Services Limited",""
"860","MICROTECH","Micro Technologies (India) Limited",""
"861","MINDAIND","Minda Industries Limited",""
"862","MINDTREE","MindTree Limited",""
"863","MIRCELECTR","MIRC Electronics Limited",""
"864","MIRZAINT","Mirza International Limited",""
"865","MMFL","MM Forgings Limited",""
"866","MMFSL","Money Matters Financial Services Limited",""
"867","MMTC","MMTC Limited",""
"868","MOHITIND","Mohit Industries Limited",""
"869","MOIL","MOIL Limited",""
"870","MONNETISPA","Monnet Ispat and Energy Limited",""
"871","MONSANTO","Monsanto India Limited",""
"872","MORARJEE","Morarjee Textiles Limited",""
"873","MORARJETEX","Morarjee Textiles Limited",""
"874","MOREPENLAB","Morepen Laboratories Limited",""
"875","MOSERBAER","Moser-Baer (I) Limited",""
"876","MOTHERSUMI","Motherson Sumi Systems Limited",""
"877","MOTILALOFS","Motilal Oswal Financial Services Limited",""
"878","MOTOGENFIN","The Motor & General Finance Limited",""
"879","MPHASIS","MphasiS Limited",""
"880","MPSLTD","MPS Limited",""
"881","MRF","MRF Limited",""
"882","MRO-TEK","MRO-TEK Limited",""
"883","MRPL","Mangalore Refinery and Petrochemicals Limited",""
"884","MSPL","MSP Steel & Power Limited",""
"885","MTEDUCARE","MT Educare Limited",""
"886","MTNL","Mahanagar Telephone Nigam Limited",""
"887","MUDRA","Mudra Lifestyle Limited",""
"888","MUKANDENGG","Mukand Engineers Limited",""
"889","MUKANDLTD","Mukand Limited",""
"890","MUKTAARTS","Mukta Arts Limited",""
"891","MUNJALAU","Munjal Auto Industries Limited",""
"892","MUNJALSHOW","Munjal Showa Limited",""
"893","MURLIIND","Murli Industries Limited",""
"894","MURUDCERA","Murudeshwar Ceramics Limited",""
"895","MUTHOOTFIN","Muthoot Finance Limited",""
"896","MVL","MVL Limited",""
"897","MVLIND","MVL Industries Limited",""
"898","MYSOREBANK","State Bank of Mysore",""
"899","NAGARFERT","Nagarjuna Fertilizer & Chemicals Limited",""
"900","NAGAROIL","Nagarjuna Oil Refinery Limited",""
"901","NAGREEKCAP","Nagreeka Capital & Infrastructure Limited",""
"902","NAGREEKEXP","Nagreeka Exports Limited",""
"903","NAHARCAP","Nahar Capital and Financial Services Limited",""
"904","NAHARINDUS","Nahar Industrial Enterprises Limited",""
"905","NAHARPOLY","Nahar Poly Films Limited",""
"906","NAHARSPING","Nahar Spinning Mills Limited",""
"907","NANDANEXIM","Nandan Exim Limited",""
"908","NATCOPHARM","Natco Pharma Limited",""
"909","NATHSEED","Nath Seeds Limited",""
"910","NATHSEED","Nath Seeds Limited",""
"911","NATIONALUM","National Aluminium Company Limited",""
"912","NATNLSTEEL","National Steel And Agro Industries Limited",""
"913","NAUKRI","Info Edge (India) Limited",""
"914","NAVINFLUOR","Navin Fluorine International Limited",""
"915","NAVNETEDUL","Navneet Education Limited",""
"916","NAVNETPUBL","Navneet Publications India Limited",""
"917","NBCC","National Buildings Construction Corporation Limited",""
"918","NBVENTURES","Nava Bharat Ventures Limited",""
"919","NCC","NCC Limited",""
"920","NCLIND","NCL Industries Limited",""
"921","NCOPPER","Nissan Copper Limited",""
"922","NDTV","New Delhi Television Limited",""
"923","NECLIFE","Nectar Lifesciences Limited",""
"924","NELCAST","Nelcast Limited",""
"925","NELCO","NELCO Limited",""
"926","NEPCMICON","NEPC India Limited",""
"927","NESCO","Nesco Limited",""
"928","NET4","Net 4 India Limited",""
"929","NETWORK18","Network18 Media & Investments Limited",""
"930","NEULANDLAB","Neuland Laboratories Limited",""
"931","NEXTMEDIA","Next Mediaworks Limited",""
"932","NEYVELILIG","Neyveli Lignite Corporation Limited",""
"933","NFL","National Fertilizers Limited",""
"934","NHPC","NHPC Limited",""
"935","NICCO","Nicco Corporation Limited",""
"936","NIITLTD","NIIT Limited",""
"937","NIITTECH","NIIT Technologies Limited",""
"938","NILKAMAL","Nilkamal Limited",""
"939","NIPPOBATRY","Nippo Batteries Company Limited",""
"940","NIRMA","Nirma Limited",""
"941","NITCO","Nitco Limited",""
"942","NITESHEST","Nitesh Estates Limited",""
"943","NITINFIRE","Nitin Fire Protection Industries Limited",""
"944","NITINSPIN","Nitin Spinners Limited",""
"945","NMDC","NMDC Limited",""
"946","NOCIL","NOCIL Limited",""
"947","NOIDATOLL","Noida Toll Bridge Company Limited",""
"948","NORBTEAEXP","Norben Tea & Exports Limited",""
"949","NOVOPANIND","Novopan Industries Limited",""
"950","NRBBEARING","NRB Bearing Limited",""
"951","NRC","NRC Limited",""
"952","NSIL","Nalwa Sons Investments Limited",""
"953","NTPC","NTPC Limited",""
"954","NUCENT","Nucent Finance Limited",""
"955","NUCHEM","Nuchem Limited",""
"956","NUCLEUS","Nucleus Software Exports Limited",""
"957","NUTEK","Nu Tek India Limited",""
"958","OBEROIRLTY","Oberoi Realty Limited",""
"959","OCL","OCL India Limited",""
"960","OFSS","Oracle Financial Services Software Limited",""
"961","OIL","Oil India Limited",""
"962","OILCOUNTUB","Oil Country Tubular Limited",""
"963","OISL","OCL Iron and Steel Limited",""
"964","OMAXAUTO","Omax Autos Limited",""
"965","OMAXE","Omaxe Limited",""
"966","OMKARCHEM","Omkar Speciality Chemicals Limited",""
"967","OMMETALS","OM Metals Infraprojects Limited",""
"968","OMNITECH","Omnitech Infosolutions Limited",""
"969","ONELIFECAP","Onelife Capital Advisors Limited",""
"970","ONGC","Oil & Natural Gas Corporation Limited",""
"971","ONMOBILE","OnMobile Global Limited",""
"972","ONWARDTEC","Onward Technologies Limited",""
"973","OPTOCIRCUI","Opto Circuits (India) Limited",""
"974","ORBITCORP","Orbit Corporation Limited",""
"975","ORCHIDCHEM","Orchid Chemicals & Pharmaceuticals Limited",""
"976","ORIENTABRA","Orient Abrasives Limited",""
"977","ORIENTALTL","Oriental Trimex Limited",""
"978","ORIENTBANK","Oriental Bank of Commerce",""
"979","ORIENTBELL","Orient Bell Limited",""
"980","ORIENTHOT","Oriental Hotels Limited",""
"981","ORIENTLTD","Orient Press Limited",""
"982","ORIENTPPR","Orient Paper & Industries Limited",""
"983","ORIENTREF","Orient Refractories Limited",""
"984","ORISSAMINE","The Orissa Minerals Development Company Limited",""
"985","OUDHSUG","The Oudh Sugar Mills Limited",""
"986","PAEL","PAE Limited",""
"987","PAGEIND","Page Industries Limited",""
"988","PANACEABIO","Panacea Biotec Limited",""
"989","PANAMAPET","Panama Petrochem Limited",""
"990","PANORAMUNI","Panoramic Universal Limited",""
"991","PAPERPROD","The Paper Products Limited",""
"992","PARABDRUGS","Parabolic Drugs Limited",""
"993","PARACABLES","Paramount Communications Limited",""
"994","PARAL","Parekh Aluminex Limited",""
"995","PARAPRINT","Paramount Printpackaging Limited",""
"996","PARASPETRO","Paras Petrofils Limited",""
"997","PAREKHPLAT","Parekh Platinum Limited",""
"998","PARRYSUGAR","Parrys Sugar Industries Limited",""
"999","PARSVNATH","Parsvnath Developers Limited",""
"1000","PATELENG","Patel Engineering Limited",""
"1001","PATINTLOG","Patel Integrated Logistics Limited",""
"1002","PATNI","Patni Computer Systems Limited",""
"1003","PATSPINLTD","Patspin India Limited",""
"1004","PBAINFRA","PBA Infrastructure Limited",""
"1005","PCJEWELLER","PC Jeweller Limited",""
"1006","PDPL","Parenteral Drugs (India) Limited",""
"1007","PDUMJEIND","Pudumjee Industries Limited",""
"1008","PDUMJEPULP","Pudumjee Pulp & Paper Mills Limited",""
"1009","PEACOCKIND","Peacock Industries Limited",""
"1010","PEARLPOLY","Pearl Polymers Limited",""
"1011","PEL","Piramal Enterprises Limited",""
"1012","PENIND","Pennar Industries Limited",""
"1013","PENINLAND","Peninsula Land Limited",""
"1014","PEPL","Pearl Engineering Polymers Limited",""
"1015","PERSISTENT","Persistent Systems Limited",""
"1016","PETRONENGG","Petron Engineering Construction Limited",""
"1017","PETRONET","Petronet LNG Limited",""
"1018","PFC","Power Finance Corporation Limited",""
"1019","PFIZER","Pfizer Limited",""
"1020","PFOCUS","Prime Focus Limited",""
"1021","PFS","PTC India Financial Services Limited",""
"1022","PGEL","PG Electroplast Limited",""
"1023","PGHH","Procter & Gamble Hygiene and Health Care Limited",""
"1024","PGIL","Pearl Global Industries Limited",""
"1025","PHILIPCARB","Phillips Carbon Black Limited",""
"1026","PHOENIXLL","Phoenix Lamps Limited",""
"1027","PHOENIXLTD","The Phoenix Mills Limited",""
"1028","PIDILITIND","Pidilite Industries Limited",""
"1029","PIIND","PI Industries Limited",""
"1030","PILIND","Peacock Industries Limited",""
"1031","PIONDIST","Pioneer Distilleries Limited",""
"1032","PIONEEREMB","Pioneer Embroideries Limited",""
"1033","PIPAVAVDOC","Pipavav Defence and Offshore Engineering Company Limited",""
"1034","PIRGLASS","Piramal Glass Limited",""
"1035","PIRLIFE","Piramal Life Sciences Limited",""
"1036","PIRPHYTO","Piramal Phytocare Limited",""
"1037","PITTILAM","Pitti Laminations Limited",""
"1038","PLASTIBLEN","Plastiblends India Limited",""
"1039","PLETHICO","Plethico Pharmaceuticals Limited",""
"1040","PNB","Punjab National Bank",""
"1041","PNBGILTS","PNB Gilts Limited",""
"1042","PNC","Pritish Nandy Communications Limited",""
"1043","POCHIRAJU","Pochiraju Industries Limited",""
"1044","POLARIND","Polar Industries Limited",""
"1045","POLARIS","Polaris Financial Technology Limited",""
"1046","POLYMED","Poly Medicure Limited",""
"1047","POLYPLEX","Polyplex Corporation Limited",""
"1048","PONNIERODE","Ponni Sugars (Erode) Limited",""
"1049","POWERGRID","Power Grid Corporation of India Limited",""
"1050","PPAP","Precision Pipes And Profiles Company Limited",""
"1051","PRADIP","Pradip Overseas Limited",""
"1052","PRAENG","Prajay Engineers Syndicate Limited",""
"1053","PRAJIND","Praj Industries Limited",""
"1054","PRAKASH","Prakash Industries Limited",""
"1055","PRAKASHCON","Prakash Constrowell Limited",""
"1056","PRAKASHSTL","Prakash Steelage Limited",""
"1057","PRATIBHA","Pratibha Industries Limited",""
"1058","PRECOT","Precot Meridian Limited",""
"1059","PRECWIRE","Precision Wires India Limited",""
"1060","PREMIER","Premier Limited",""
"1061","PREMIERPOL","Premier Polyfilm Limited",""
"1062","PRESSMN","Pressman Advertising Limited",""
"1063","PRESTIGE","Prestige Estates Projects Limited",""
"1064","PRICOL","Pricol Limited",""
"1065","PRIMESECU","Prime Securities Limited",""
"1066","PRISMCEM","Prism Cement Limited",""
"1067","PRITHVI","Prithvi Information Solutions Limited",""
"1068","PROVOGE","Provogue (India) Limited",""
"1069","PROZONECSC","Prozone Capital Shopping Centres Limited",""
"1070","PSB","Punjab & Sind Bank",""
"1071","PSL","PSL Limited",""
"1072","PTC","PTC India Limited",""
"1073","PTL","PTL Enterprises Limited",""
"1074","PUNJABCHEM","Punjab Chemicals & Crop Protection Limited",""
"1075","PUNJLLOYD","Punj Lloyd Limited",""
"1076","PURVA","Puravankara Projects Limited",""
"1077","PVP","PVP Ventures Limited",""
"1078","PVR","PVR Limited",""
"1079","QUINTEGRA","Quintegra Solutions Limited",""
"1080","RADAAN","Radaan Mediaworks India Limited",""
"1081","RADICO","Radico Khaitan Limited",""
"1082","RAIN","Rain Industries Limited",""
"1083","RAINBOWPAP","Rainbow Papers Limited",""
"1084","RAINCOM","Rain Commodities Limited",""
"1085","RAINCOM","Rain Commodities Limited",""
"1086","RAIREKMOH","Raisaheb Reckhchand Mohota Spinning & Weaving Mills Limited",""
"1087","RAJESHEXPO","Rajesh Exports Limited",""
"1088","RAJOIL","Raj Oil Mills Limited",""
"1089","RAJRAYON","Raj Rayon Industries Limited",""
"1090","RAJSREESUG","Rajshree Sugars & Chemicals Limited",""
"1091","RAJTV","Raj Television Network Limited",""
"1092","RAJVIR","Rajvir Industries Limited",""
"1093","RALLIS","Rallis India Limited",""
"1094","RAMANEWS","Rama Newsprint and Papers Limited",""
"1095","RAMCOCEM","The Ramco Cements Limited",""
"1096","RAMCOIND","Ramco Industries Limited",""
"1097","RAMCOSYS","Ramco Systems Limited",""
"1098","RAMKY","Ramky Infrastructure Limited",""
"1099","RAMSARUP","Ramsarup Industries Limited",""
"1100","RANASUG","Rana Sugars Limited",""
"1101","RANBAXY","Ranbaxy Laboratories Limited",""
"1102","RANEENGINE","Rane Engine Valve Limited",""
"1103","RANEHOLDIN","Rane Holdings Limited",""
"1104","RASOYPR","Rasoya Proteins Limited",""
"1105","RATNAMANI","Ratnamani Metals & Tubes Limited",""
"1106","RAYMOND","Raymond Limited",""
"1107","RBL","Rane Brake Lining Limited",""
"1108","RBN","Reliance Broadcast Network Limited",""
"1109","RCF","Rashtriya Chemicals and Fertilizers Limited",""
"1110","RCOM","Reliance Communications Limited",""
"1111","RECLTD","Rural Electrification Corporation Limited",""
"1112","REDINGTON","Redington (India) Limited",""
"1113","REFEX","Refex Refrigerants Limited",""
"1114","REGENCERAM","Regency Ceramics Limited",""
"1115","REIAGROLTD","Rei Agro Limited",""
"1116","REISIXTEN","REI Six Ten Retail Limited",""
"1117","RELAXO","Relaxo Footwears Limited",""
"1118","RELCAPITAL","Reliance Capital Limited",""
"1119","RELIANCE","Reliance Industries Limited",""
"1120","RELIGARE","Religare Enterprises Limited",""
"1121","RELINFRA","Reliance Infrastructure Limited",""
"1122","RELMEDIA","Reliance MediaWorks Limited",""
"1123","REMSONSIND","Remsons Industries Limited",""
"1124","RENUKA","Shree Renuka Sugars Limited",""
"1125","REPCOHOME","Repco Home Finance Limited",""
"1126","REPRO","Repro India Limited",""
"1127","RESPONIND","Responsive Industries Limited",""
"1128","REVATHI","Revathi Equipment Limited",""
"1129","RICOAUTO","Rico Auto Industries Limited",""
"1130","RIIL","Reliance Industrial Infrastructure Limited",""
"1131","RJL","Renaissance Jewellery Limited",""
"1132","RKDL","Ravi Kumar Distilleries Limited",""
"1133","RKFORGE","Ramkrishna Forgings Limited",""
"1134","RMCL","Radha Madhav Corporation Limited",""
"1135","RML","Rane (Madras) Limited",""
"1136","RMMIL","Resurgere Mines & Minerals Limited",""
"1137","ROHITFERRO","Rohit Ferro-Tech Limited",""
"1138","ROHLTD","Royal Orchid Hotels Limited",""
"1139","ROLTA","Rolta India Limited",""
"1140","ROSSELLIND","Rossell India Limited",""
"1141","RPGLIFE","RPG Life Sciences Limited",""
"1142","RPOWER","Reliance Power Limited",""
"1143","RPPINFRA","R.P.P. Infra Projects Limited",""
"1144","RSSOFTWARE","R. S. Software (India) Limited",""
"1145","RSWM","RSWM Limited",""
"1146","RSYSTEMS","R Systems International Limited",""
"1147","RUBYMILLS","The Ruby Mills Limited",""
"1148","RUCHINFRA","Ruchi Infrastructure Limited",""
"1149","RUCHIRA","Ruchira Papers Limited",""
"1150","RUCHISOYA","Ruchi Soya Industries Limited",""
"1151","RUPA","Rupa & Company Limited",""
"1152","RUSHIL","Rushil Decor Limited",""
"1153","SABERORGAN","Sabero Organics Gujarat Limited",""
"1154","SABTN","Sri Adhikari Brothers Television Network Limited",""
"1155","SADBHAV","Sadbhav Engineering Limited",""
"1156","SAGCEM","Sagar Cements Limited",""
"1157","SAHPETRO","Sah Petroleums Limited",""
"1158","SAIL","Steel Authority of India Limited",""
"1159","SAKHTISUG","Sakthi Sugars Limited",""
"1160","SAKSOFT","Saksoft Limited",""
"1161","SAKUMA","Sakuma Exports Limited",""
"1162","SALORAINTL","Salora International Limited",""
"1163","SALSTEEL","S.A.L. Steel Limited",""
"1164","SAMBHAAV","Sambhaav Media Limited",""
"1165","SAMTEL","Samtel Color Limited",""
"1166","SANDESH","The Sandesh Limited",""
"1167","SANGAMIND","Sangam (India) Limited",""
"1168","SANGHIIND","Sanghi Industries Limited",""
"1169","SANGHVIFOR","Sanghvi Forging and Engineering Limited",""
"1170","SANGHVIMOV","Sanghvi Movers Limited",""
"1171","SANOFI","Sanofi India Limited",""
"1172","SANWARIA","Sanwaria Agro Oils Limited",""
"1173","SARDAEN","Sarda Energy & Minerals Limited",""
"1174","SAREGAMA","Saregama India Limited",""
"1175","SARLAPOLY","Sarla Performance Fibers Limited",""
"1176","SASKEN","Sasken Communication Technologies Limited",""
"1177","SATHAISPAT","Sathavahana Ispat Limited",""
"1178","SATYAMCOMP","Satyam Computer Services Limited",""
"1179","SB&TINTL","SB&T International Limited",""
"1180","SBBJ","State Bank of Bikaner and Jaipur",""
"1181","SBIN","State Bank of India",""
"1182","SBT","State Bank of Travancore",""
"1183","SCHNEIDER","Schneider Electric Infrastructure Limited",""
"1184","SCI","Shipping Corporation Of India Limited",""
"1185","SEAMECLTD","Seamec Limited",""
"1186","SEINV","S.E. Investments Limited",""
"1187","SELAN","Selan Exploration Technology Limited",""
"1188","SELMCL","SEL Manufacturing Company Limited",""
"1189","SEPOWER","S.E. Power Limited",""
"1190","SERVALL","Servalakshmi Paper Limited",""
"1191","SESAGOA","Sesa Goa Limited",""
"1192","SESHAPAPER","Seshasayee Paper and Boards Limited",""
"1193","SEZAL","Sezal Glass Limited",""
"1194","SGFL","Shree Ganesh Forgings Limited",""
"1195","SGJHL","SHREE GANESH JEWELLERY HOUSE (I) LIMITED",""
"1196","SGL","STL Global Limited",""
"1197","SHAHALLOYS","Shah Alloys Limited",""
"1198","SHALPAINTS","Shalimar Paints Limited",""
"1199","SHANTIGEAR","Shanthi Gears Limited",""
"1200","SHARONBIO","Sharon Bio-Medicine Limited",""
"1201","SHARRESLTD","Sharyans Resources Limited",""
"1202","SHASUNPHAR","Shasun Pharmaceuticals Limited",""
"1203","SHILPAMED","Shilpa Medicare Limited",""
"1204","SHILPI","Shilpi Cable Technologies Limited",""
"1205","SHIRPUR-G","Shirpur Gold Refinery Limited",""
"1206","SHIV-VANI","Shiv-Vani Oil & Gas Exploration Services Limited",""
"1207","SHIVAMAUTO","Shivam Autotech Limited",""
"1208","SHIVTEX","Shiva Texyarn Limited",""
"1209","SHLAKSHMI","Shri Lakshmi Cotsyn Limited",""
"1210","SHOPERSTOP","Shoppers Stop Limited",""
"1211","SHREEASHTA","Shree Ashtavinayak Cine Vision Limited",""
"1212","SHREECEM","Shree Cements Limited",""
"1213","SHREERAMA","Shree Rama Multi-Tech Limited",""
"1214","SHRENUJ","Shrenuj & Company Limited",""
"1215","SHREYANIND","Shreyans Industries Limited",""
"1216","SHREYAS","Shreyas Shipping & Logistics Limited",""
"1217","SHRIRAMCIT","Shriram City Union Finance Limited",""
"1218","SHRIRAMEPC","Shriram EPC Limited",""
"1219","SHYAMTEL","Shyam Telecom Limited",""
"1220","SICAGEN","Sicagen India Limited",""
"1221","SICAL","Sical Logistics Limited",""
"1222","SIEMENS","Siemens Limited",""
"1223","SIL","Standard Industries Limited",""
"1224","SILINV","SIL Investments Limited",""
"1225","SIMBHSUGAR","Simbhaoli Sugars Limited",""
"1226","SIMPLEX","Simplex Projects Limited",""
"1227","SIMPLEXINF","Simplex Infrastructures Limited",""
"1228","SINTEX","Sintex Industries Limited",""
"1229","SIRPAPER","The Sirpur Paper Mills Limited",""
"1230","SITASHREE","Sita Shree Food Products Limited",""
"1231","SITICABLE","Siti Cable Network Limited",""
"1232","SIYSIL","Siyaram Silk Mills Limited",""
"1233","SJVN","SJVN Limited",""
"1234","SKFINDIA","SKF India Limited",""
"1235","SKMEGGPROD","SKM Egg Products Export (India) Limited",""
"1236","SKSMICRO","SKS Microfinance Limited",""
"1237","SKUMARSYNF","S. Kumars Nationwide Limited",""
"1238","SMARTLINK","Smartlink Network Systems Limited",""
"1239","SMLISUZU","SML Isuzu Limited",""
"1240","SMOBILITY","S Mobility Limited",""
"1241","SMPL","Sujana Metal Products Limited",""
"1242","SMSPHARMA","SMS Pharmaceuticals Limited",""
"1243","SOBHA","Sobha Developers Limited",""
"1244","SOFTTECHGR","Software Technology Group International Limited",""
"1245","SOLARINDS","Solar Industries India Limited",""
"1246","SOMANYCERA","Somany Ceramics Limited",""
"1247","SOMATEX","Soma Textiles & Industries Limited",""
"1248","SONASTEER","Sona Koyo Steering Systems Limited",""
"1249","SONATSOFTW","Sonata Software Limited",""
"1250","SOTL","Savita Oil Technologies Limited",""
"1251","SOUTHBANK","The South Indian Bank Limited",""
"1252","SPANCO","Spanco Limited",""
"1253","SPARC","Sun Pharma Advanced Research Company Limited",""
"1254","SPECIALITY","Speciality Restaurants Limited",""
"1255","SPECTACLE","Spectacle Infotek Limited",""
"1256","SPENTEX","Spentex Industries Limited",""
"1257","SPIC","Southern Petrochemicals Industries Corporation Limited",""
"1258","SPIC","Southern Petrochemicals Industries Corporation Limited",""
"1259","SPLIL","SPL Industries Limited",""
"1260","SPMLINFRA","SPML Infra Limited",""
"1261","SPYL","Shekhawati Poly-Yarn Limited",""
"1262","SREINFRA","SREI Infrastructure Finance Limited",""
"1263","SRF","SRF Limited",""
"1264","SRGINFOTEC","SRG Infotec (India) Limited",""
"1265","SRHHLINDST","SRHHL Industries Limited",""
"1266","SRHHYPOLTD","Sree Rayalaseema Hi-Strength Hypo Limited",""
"1267","SRSLTD","SRS Limited",""
"1268","SRTRANSFIN","Shriram Transport Finance Company Limited",""
"1269","SSTL","Sesa Sterlite Limited",""
"1270","SSWL","Steel Strips Wheels Limited",""
"1271","STAR","Strides Arcolab Limited",""
"1272","STARPAPER","Star Paper Mills Limited",""
"1273","STCINDIA","The State Trading Corporation of India Limited",""
"1274","STEL","Stel Holdings Limited",""
"1275","STER","Sterlite Industries ( India ) Limited",""
"1276","STERLINBIO","Sterling Biotech Limited",""
"1277","STERTOOLS","Sterling Tools Limited",""
"1278","STINDIA","STI India Limited",""
"1279","STOREONE","Store One Retail India Limited",""
"1280","STRTECH","Sterlite Technologies Limited",""
"1281","STYABS","Styrolution ABS (India) Limited",""
"1282","SUBEX","Subex Limited",""
"1283","SUBROS","Subros Limited",""
"1284","SUDAR","Sudar Industries Limited",""
"1285","SUDARSCHEM","Sudarshan Chemical Industries Limited",""
"1286","SUJANATOW","Sujana Tower Limited",""
"1287","SUJANATWR","Sujana Tower Limited",""
"1288","SUJANAUNI","Sujana Universal Industries Limited",""
"1289","SUMEETINDS","Sumeet Industries Limited",""
"1290","SUMMITSEC","Summit Securities Limited",""
"1291","SUNCLAYLTD","Sundaram Clayton Limited",""
"1292","SUNDARAM","Sundaram Multi Pap Limited",""
"1293","SUNDARMFIN","Sundaram Finance Limited",""
"1294","SUNDRMBRAK","Sundaram Brake Linings Limited",""
"1295","SUNDRMFAST","Sundram Fasteners Limited",""
"1296","SUNFLAG","Sunflag Iron And Steel Company Limited",""
"1297","SUNILHITEC","Sunil Hitech Engineers Limited",""
"1298","SUNPHARMA","Sun Pharmaceuticals Industries Limited",""
"1299","SUNTECK","Sunteck Realty Limited",""
"1300","SUNTV","Sun TV Network Limited",""
"1301","SUPERSPIN","Super Spinning Mills Limited",""
"1302","SUPPETRO","Supreme Petrochem Limited",""
"1303","SUPRAJIT","Suprajit Engineering Limited",""
"1304","SUPREMEIND","Supreme Industries Limited",""
"1305","SUPREMEINF","Supreme Infrastructure India Limited",""
"1306","SUPREMETEX","Supreme Tex Mart Limited",""
"1307","SURANACORP","Surana Corporation Limited",""
"1308","SURANAIND","Surana Industries Limited",""
"1309","SURANAT&P","Surana Telecom and Power Limited",""
"1310","SURANAVEL","Surana Ventures Limited",""
"1311","SURYAJYOTI","Suryajyoti Spinning Mills Limited",""
"1312","SURYALAXMI","Suryalakshmi Cotton Mills Limited",""
"1313","SURYAPHARM","Surya Pharmaceutical Limited",""
"1314","SURYAROSNI","Surya Roshni Limited",""
"1315","SUTLEJTEX","Sutlej Textiles and Industries Limited",""
"1316","SUVEN","Suven Life Sciences Limited",""
"1317","SUZLON","Suzlon Energy Limited",""
"1318","SWANENERGY","Swan Energy Limited",""
"1319","SWARAJENG","Swaraj Engines Limited",""
"1320","SWELECTES","Swelect Energy Systems Limited",""
"1321","SYMPHONY","Symphony Limited",""
"1322","SYNCOM","Syncom Healthcare Limited",""
"1323","SYNDIBANK","Syndicate Bank",""
"1324","TAINWALCHM","Tainwala Chemical and Plastic (I) Limited",""
"1325","TAJGVK","Taj GVK Hotels & Resorts Limited",""
"1326","TAKE","Take Solutions Limited",""
"1327","TAKSHEEL","Taksheel Solutions Limited",""
"1328","TALBROAUTO","Talbros Automotive Components Limited",""
"1329","TALWALKARS","Talwalkars Better Value Fitness Limited",""
"1330","TANLA","Tanla Solutions Limited",""
"1331","TANTIACONS","Tantia Constructions Limited",""
"1332","TARAJEWELS","Tara Jewels Limited",""
"1333","TARAPUR","Tarapur Transformers Limited",""
"1334","TARMAT","Tarmat Limited",""
"1335","TATACHEM","Tata Chemicals Limited",""
"1336","TATACOFFEE","Tata Coffee Limited",""
"1337","TATACOMM","Tata Communications Limited",""
"1338","TATAELXSI","Tata Elxsi Limited",""
"1339","TATAGLOBAL","Tata Global Beverages Limited",""
"1340","TATAINVEST","Tata Investment Corporation Limited",""
"1341","TATAMETALI","Tata Metaliks Limited",""
"1342","TATAMOTORS","Tata Motors Limited",""
"1343","TATAPOWER","Tata Power Company Limited",""
"1344","TATASPONGE","Tata Sponge Iron Limited",""
"1345","TATASTEEL","Tata Steel Limited",""
"1346","TBZ","Tribhovandas Bhimji Zaveri Limited",""
"1347","TCI","Transport Corporation of India Limited",""
"1348","TCIDEVELOP","TCI Developers Limited",""
"1349","TCIFINANCE","TCI Finance Limited",""
"1350","TCS","Tata Consultancy Services Limited",""
"1351","TDPOWERSYS","TD Power Systems Limited",""
"1352","TECHM","Tech Mahindra Limited",""
"1353","TECHNO","Techno Electric & Engineering Company Limited",""
"1354","TECHNOFAB","Technofab Engineering Limited",""
"1355","TECPRO","Tecpro Systems Limited",""
"1356","TELEDATAIT","Teledata Technology Solutions Limited",""
"1357","TEXINFRA","Texmaco Infrastructure & Holdings Limited",""
"1358","TEXMOPIPES","Texmo Pipes and Products Limited",""
"1359","TEXRAIL","Texmaco Rail & Engineering Limited",""
"1360","TFCILTD","Tourism Finance Corporation of India Limited",""
"1361","TFL","Transwarranty Finance Limited",""
"1362","TGBHOTELS","TGB BANQUETS AND HOTELS LIMITED",""
"1363","THANGAMAYL","Thangamayil Jewellery Limited",""
"1364","THEMISMED","Themis Medicare Limited",""
"1365","THERMAX","Thermax Limited",""
"1366","THINKSOFT","Thinksoft Global Services Limited",""
"1367","THIRUSUGAR","Thiru Arooran Sugars Limited",""
"1368","THOMASCOOK","Thomas Cook (India) Limited",""
"1369","THOMASCOOK","Thomas Cook (India) Limited",""
"1370","THOMASCOTT","Thomas Scott (India) Limited",""
"1371","TI","Tilaknagar Industries Limited",""
"1372","TIDEWATER","Tide Water Oil Company (India) Limited",""
"1373","TIIL","Technocraft Industries (India) Limited",""
"1374","TIJARIA","Tijaria Polypipes Limited",""
"1375","TIL","TIL Limited",""
"1376","TIMBOR","Timbor Home Limited",""
"1377","TIMESGTY","Times Guaranty Limited",""
"1378","TIMETECHNO","Time Technoplast Limited",""
"1379","TIMKEN","Timken India Limited",""
"1380","TINPLATE","The Tinplate Company of India Limited",""
"1381","TIPSINDLTD","TIPS Industries Limited",""
"1382","TIRUMALCHM","Thirumalai Chemicals Limited",""
"1383","TITAN","Titan Industries Limited",""
"1384","TNPETRO","Tamilnadu PetroProducts Limited",""
"1385","TNPL","Tamil Nadu Newsprint & Papers Limited",""
"1386","TNTELE","Tamilnadu Telecommunication Limited",""
"1387","TODAYS","Todays Writing Instruments Limited",""
"1388","TOKYOPLAST","Tokyo Plast International Limited",""
"1389","TORNTPHARM","Torrent Pharmaceuticals Limited",""
"1390","TORNTPOWER","Torrent Power Limited",""
"1391","TREEHOUSE","Tree House Education & Accessories Limited",""
"1392","TRENT","Trent Limited",""
"1393","TRF","TRF Limited",""
"1394","TRICOM","Tricom India Limited",""
"1395","TRIDENT","Trident Limited",""
"1396","TRIGYN","Trigyn Technologies Limited",""
"1397","TRIL","Transformers And Rectifiers (India) Limited",""
"1398","TRITURBINE","Triveni Turbine Limited",""
"1399","TRIVENI","Triveni Engineering & Industries Limited",""
"1400","TTKHEALTH","TTK Healthcare Limited",""
"1401","TTKPRESTIG","TTK Prestige Limited",""
"1402","TTL","T T Limited",""
"1403","TTML","Tata Teleservices (Maharashtra) Limited",""
"1404","TUBEINVEST","Tube Investments of India Limited",""
"1405","TULIP","Tulip Telecom Limited",""
"1406","TULSI","Tulsi Extrusions Limited",""
"1407","TV18BRDCST","TV18 Broadcast Limited",""
"1408","TVSELECT","TVS Electronics Limited",""
"1409","TVSMOTOR","TVS Motor Company Limited",""
"1410","TVSSRICHAK","TVS Srichakra Limited",""
"1411","TVTODAY","TV Today Network Limited",""
"1412","TWILITAKA","Twilight Litaka Pharma Limited",""
"1413","TWL","Titagarh Wagons Limited",""
"1414","UBENGG","UB Engineering Limited",""
"1415","UBHOLDINGS","United Breweries (Holdings) Limited",""
"1416","UBL","United Breweries Limited",""
"1417","UCALFUEL","Ucal Fuel Systems Limited",""
"1418","UCOBANK","UCO Bank",""
"1419","UFLEX","UFLEX Limited",""
"1420","UGARSUGAR","The Ugar Sugar Works Limited",""
"1421","UJAAS","Ujaas Energy Limited",""
"1422","ULTRACEMCO","UltraTech Cement Limited",""
"1423","UMESLTD","Usha Martin Education & Solutions Limited",""
"1424","UNICHEMLAB","Unichem Laboratories Limited",""
"1425","UNIENTER","Uniphos Enterprises Limited",""
"1426","UNIONBANK","Union Bank of India",""
"1427","UNIPHOS","United Phosphorus Limited",""
"1428","UNIPLY","Uniply Industries Limited",""
"1429","UNITECH","Unitech Limited",""
"1430","UNITEDBNK","United Bank of India",""
"1431","UNITY","Unity Infraprojects Limited",""
"1432","UNIVCABLES","Universal Cables Limited",""
"1433","UPERGANGES","Upper Ganges Sugar & Industries Limited",""
"1434","USHAMART","Usha Martin Limited",""
"1435","USHERAGRO","Usher Agro Limited",""
"1436","UTTAMSTL","Uttam Galva Steels Limited",""
"1437","UTTAMSUGAR","Uttam Sugar Mills Limited",""
"1438","UTTAMVALUE","Uttam Value Steels Limited",""
"1439","UTVSOF","UTV Software Communications Limited",""
"1440","V2RETAIL","V2 Retail Limited",""
"1441","VADILALIND","Vadilal Industries Limited",""
"1442","VAIBHAVGBL","Vaibhav Global Limited",""
"1443","VAKRANSOFT","Vakrangee Softwares Limited",""
"1444","VALECHAENG","Valecha Engineering Limited",""
"1445","VALUEIND","Value Industries Limited",""
"1446","VARDHACRLC","Vardhman Acrylics Limited",""
"1447","VARDMNPOLY","Vardhman Polytex Limited",""
"1448","VARUN","Varun Industries Limited",""
"1449","VARUNSHIP","Varun Shipping Company Limited",""
"1450","VASCONEQ","Vascon Engineers Limited",""
"1451","VASWANI","Vaswani Industries Limited",""
"1452","VENKEYS","Venky's (India) Limited",""
"1453","VENUSREM","Venus Remedies Limited",""
"1454","VESUVIUS","Vesuvius India Limited",""
"1455","VGUARD","V-Guard Industries Limited",""
"1456","VHL","Vardhman Holdings Limited",""
"1457","VICEROY","Viceroy Hotels Limited",""
"1458","VIDEOIND","Videocon Industries Limited",""
"1459","VIJAYABANK","Vijaya Bank",""
"1460","VIJSHAN","Vijay Shanthi Builders Limited",""
"1461","VIKASGLOB","Vikas GlobalOne Limited",""
"1462","VIKASHMET","Vikash Metal & Power Limited",""
"1463","VIMALOIL","Vimal Oil & Foods Limited",""
"1464","VIMTALABS","Vimta Labs Limited",""
"1465","VINATIORGA","Vinati Organics Limited",""
"1466","VINDHYATEL","Vindhya Telelinks Limited",""
"1467","VINYLINDIA","Vinyl Chemicals (India) Limited",""
"1468","VIPIND","VIP Industries Limited",""
"1469","VISAKAIND","Visaka Industries Limited",""
"1470","VISASTEEL","Visa Steel Limited",""
"1471","VISESHINFO","Visesh Infotecnics Limited",""
"1472","VISUINTL","Visu International Limited",""
"1473","VIVIDHA","Visagar Polytex Limited",""
"1474","VIVIMEDLAB","Vivimed Labs Limited",""
"1475","VKSPL","VKS Projects Limited",""
"1476","VLSFINANCE","VLS Finance Limited",""
"1477","VMART","V-Mart Retail Limited",""
"1478","VOLTAMP","Voltamp Transformers Limited",""
"1479","VOLTAS","Voltas Limited",""
"1480","VSSL","Vardhman Special Steels Limited",""
"1481","VSTIND","VST Industries Limited",""
"1482","VSTTILLERS","V.S.T Tillers Tractors Limited",""
"1483","VTL","Vardhman Textiles Limited",""
"1484","WABAG","VA Tech Wabag Limited",""
"1485","WABCOINDIA","WABCO India Limited",""
"1486","WALCHANNAG","Walchandnagar Industries Limited",""
"1487","WANBURY","Wanbury Limited",""
"1488","WEBELSOLAR","Websol Energy System Limited",""
"1489","WEIZFOREX","Weizmann Forex Limited",""
"1490","WEIZMANIND","Weizmann Limited",""
"1491","WELCORP","Welspun Corp Limited",""
"1492","WELINV","Welspun Investments and Commercials Limited",""
"1493","WELPROJ","Welspun Projects Limited",""
"1494","WELSPUNIND","Welspun India Limited",""
"1495","WENDT","Wendt (India) Limited",""
"1496","WHEELS","Wheels India Limited",""
"1497","WHIRLPOOL","Whirlpool of India Limited",""
"1498","WILLAMAGOR","Williamson Magor & Company Limited",""
"1499","WINDMACHIN","Windsor Machines Limited",""
"1500","WINSOME","Winsome Yarns Limited",""
"1501","WINSOMEDJ","Winsome Diamonds and Jewellery Limited",""
"1502","WIPRO","Wipro Limited",""
"1503","WOCKPHARMA","Wockhardt Limited",""
"1504","WSI","W S Industries (I) Limited",""
"1505","WSTCSTPAPR","West Coast Paper Mills Limited",""
"1506","WYETH","Wyeth Limited",""
"1507","XCHANGING","Xchanging Solutions Limited",""
"1508","XLENERGY","XL Energy Limited",""
"1509","XPROINDIA","Xpro India Limited",""
"1510","YESBANK","Yes Bank Limited",""
"1511","ZANDUREALT","Zandu Realty Limited",""
"1512","ZEEL","Zee Entertainment Enterprises Limited",""
"1513","ZEELEARN","Zee Learn Limited",""
"1514","ZEEMEDIA","Zee Media Corporation Limited",""
"1515","ZEENEWS","Zee News Limited",""
"1516","ZENITHBIR","Zenith Birla (India) Limited",""
"1517","ZENITHCOMP","Zenith Computers Limited",""
"1518","ZENITHEXPO","Zenith Exports Limited",""
"1519","ZENITHINFO","Zenith Infotech Limited",""
"1520","ZENSARTECH","Zensar Technologies Limited",""
"1521","ZICOM","Zicom Electronic Security Systems Limited",""
"1522","ZODIACLOTH","Zodiac Clothing Company Limited",""
"1523","ZODJRDMKJ","Zodiac JRD- MKJ Limited",""
"1524","ZUARIGLOB","ZUARI GLOBAL LIMITED",""
"1525","ZYDUSWELL","Zydus Wellness Limited",""
"1526","ZYLOG","Zylog Systems Limited",""
